https://youtu.be/o6LoCjVgE-c,bravailha1905
https://youtu.be/xy7l8tHOjFs,bravailha1905
https://youtu.be/eFqkV_EkGVc,jaureguibmg
https://youtu.be/Q8Fl_bcqygk,jaureguibmg
https://youtu.be/fWS7zo0yHyQ,Maverick
https://youtu.be/PsBWnst8f7w,Maverick
http://youtu.be/lxHJ4t_qa8c,camilaasnyc
http://youtu.be/Trw__qAmGjg?a,bolaodanfl
https://youtu.be/lZhuz91swGA,LaurenCimorelli
https://youtu.be/ZsJt7j96n0s,LisaCim
https://youtu.be/S1V4Gf12FmY,LisaCim
https://youtu.be/S1V4Gf12FmY,LisaCim
https://youtu.be/S1V4Gf12FmY,LisaCim
https://youtu.be/S1V4Gf12FmY,LisaCim
http://youtu.be/NMQ1r9a4HhE,normilamoments
https://youtu.be/xi6OEISgGA8,camilacabellobr
https://youtu.be/WC_4NsG9EUA,camilacabellobr
http://youtu.be/xi6OEISgGA8,camilacabellobr
http://youtu.be/cwLRQn61oUY,WHATlSSART
https://youtu.be/MwJa8nZxiqY,camilasxroses
https://youtu.be/xi6OEISgGA8,CCabelloNews
https://youtu.be/MwJa8nZxiqY,CCabelloNews
https://youtu.be/xi6OEISgGA8,lookingformila
https://youtu.be/XWdUR2gmTbI,ussoccer_wnt
http://youtu.be/h5Khdno6FCE,5HUpdates
http://youtu.be/0qP-WOqhr64,5HUpdates
https://youtu.be/S-xWokFJztY,edsheeran
https://youtu.be/UxfZo8pocrI,5hRealm
https://youtu.be/qQz_6ZdA1pA,5hRealm
https://youtu.be/9jBjwy7FKvc,5hRealm
http://youtu.be/co6joWS5Ncc,MilikaAmasio
https://youtu.be/juG26cZSsrM,itsannamunn
https://youtu.be/VPD95RxbPrY,itsannamunn
https://youtu.be/VPD95RxbPrY,itsannamunn
https://youtu.be/VPD95RxbPrY,itsannamunn
https://youtu.be/VPD95RxbPrY,itsannamunn
https://youtu.be/jqhgXAGP4Ho,bastilledan
https://youtu.be/VtYgqBQf-mA,bastilledan
https://youtu.be/HBZWbMAIT2k,thenbhd
https://youtu.be/GCdwKhTtNNw,thenbhd
https://youtu.be/wio2cSg9MQM,kakspls
https://youtu.be/-NDD1tzqRWQ,5HPromotion
https://youtu.be/byqrt3xJa4s,diamondwhite
https://youtu.be/zXnI3kUGUaU,itsot5yo
https://youtu.be/8elE5E0C3eo,itsot5yo
https://youtu.be/E8gmARGvPlI,PeytonMcMahon
http://youtube.com/peytonmcmahonmusic,PeytonMcMahon
http://youtube.com/peytonmcmahonmusic,PeytonMcMahon
http://youtu.be/c5Z4nLkssJY?a,ChrisTrondsen
http://youtu.be/c5Z4nLkssJY?a,ChrisTrondsen
https://youtu.be/y9w8c5tusks,beachpark
https://youtu.be/BKgIK6_JKTQ,d_ham71
https://youtu.be/12moa56Mo2w,WeLuvAllyB
https://youtu.be/ftG3NTqWzAk,mah5H
https://youtu.be/BKgIK6_JKTQ,tayyjaguarr
https://youtu.be/dGW0pu_496c,jufstorres
http://youtu.be/zVBIwRlO5qM?aOne,jufstorres
http://youtu.be/MFLm7sBPdFE?a,jufstorres
http://youtu.be/fZiDGE9_vcQ?a,jufstorres
http://youtu.be/9-1Padxsmio?aEp,jufstorres
http://youtu.be/9-1Padxsmio?aEp,jufstorres
http://youtu.be/Yn6ZATWFteU?a,5HNow
http://youtu.be/53UUg0sO9_4?a,5HNow
https://youtu.be/BKgIK6_JKTQ,5HNow
http://youtu.be/IAvpvnLXuYY?a,5HNow
http://youtu.be/rjWBWwfBIIU?a,5HNow
http://youtu.be/73_ObXQhXI8?a,5HNow
http://youtu.be/bfAuopeJBm0?a,5HNow
http://youtu.be/5LWndksZKjA?a,5HNow
http://youtu.be/ALw1ZmhAh94?a,5HNow
http://youtu.be/w6y5MUTo8ws?a,5HNow
https://youtu.be/QpbQ4I3Eidg,5HNow
http://youtu.be/adLBJBD7aXM?a,5HNow
http://youtu.be/_sLu4cW0UQw?a,5HNow
http://youtu.be/EXqgc6eHy3w?a,5HNow
http://youtu.be/SKxGvGRNTn0?a,5HNow
http://youtu.be/GHrCKbKsU-g?a,5HNow
http://youtu.be/ZTS2FPWYPLU?a,5HNow
http://youtu.be/AlfcKqd6xiE?a,5HNow
http://youtu.be/m-oXWPL3ogo?a,5HNow
http://youtu.be/6OJvlT2nQ4w?a,5HNow
http://youtu.be/hGD3JdUxdps?a,5HNow
http://youtu.be/ZJe4mpqcPRM?a,5HNow
http://youtu.be/KZuHcntbbLM?a,5HNow
http://youtu.be/vEhGR6MciQk?a,5HNow
http://youtu.be/siMZAduDfyQ?a,5HNow
https://youtu.be/sY3rIlrTTh8,5HNow
http://youtu.be/-84O-sh8DAM?a,5HNow
https://youtu.be/jVtK6o-kAp8,5HNow
http://youtu.be/H18BApM-ARQ?a,5HNow
http://youtu.be/BVLKKpkBG68?a,5HNow
https://youtu.be/s5BaL6Up__w,5HNow
http://youtu.be/54LgW37NvyY?a,5HNow
http://youtu.be/PksVku7Q-ks?a,5HNow
http://youtu.be/8Cza9qhd7WA?a,5HNow
https://youtu.be/o-nwOvfpONg,5HNow
http://youtu.be/9GpzH9n0yiY?a,5HNow
https://youtu.be/b9cL618FyQg,5HNow
http://youtu.be/iPc-LTlTz6U?a,5HNow
http://youtu.be/ZvXzhx1E6Hc?a,5HNow
http://youtu.be/ljwleLEvCM4?a,5HNow
https://youtu.be/szyAIkJ698w,Persie_Official
https://youtu.be/h5Khdno6FCE,5HonTour
https://youtu.be/ppIx6oizZEE,5HonTour
https://youtu.be/w3BkzR3qdpQ,sethgregg04
http://youtu.be/6DkwtsJBWvY,LeaMicheleVEVO
https://youtu.be/9vu4AN2bc-M,5HWorldCom
https://youtu.be/0taVDYKReUo,tomorrowland
https://youtu.be/AjLs0POUhFA,tomorrowland
http://youtu.be/om0ORaWhwj8,UnitedforLea
http://youtu.be/MgMik93rWOE,UnitedforLea
http://youtu.be/46gzvM98Zfk,UnitedforLea
http://youtu.be/fIQ1fixUuvg,RachelBerryWMHS
https://youtu.be/HOogGnn2jU8,RachelBerryWMHS
https://youtu.be/HQh_7Er8GTw,_Drew_Van_Acker
https://youtu.be/NfF560unn4g,_Drew_Van_Acker
https://youtu.be/xUyTRSlmXf4,SashaaPieterse
http://youtu.be/KYVTXRJ2_HE,_beatrizribas
http://youtu.be/IjSImGhbxBc,_beatrizribas
http://youtu.be/FGl4GNT1GV8,MsMeganSchmidt
https://youtu.be/j20eyp0j2LI,MsMeganSchmidt
https://youtu.be/S8BRpqk1Fm8,MsMeganSchmidt
http://youtu.be/HaJ6_P5xRKg,MsMeganSchmidt
https://youtu.be/oZT2Z3PPCQk,MsMeganSchmidt
http://youtu.be/n7Rx5jW0Okc,MsMeganSchmidt
http://youtu.be/7mUblBEpV1Q,MsMeganSchmidt
https://youtu.be/RGWfw82Imk8,MsMeganSchmidt
https://youtu.be/OzEubrKCRkY,PLLfans
https://youtu.be/OzEubrKCRkY,PLLfans
https://youtu.be/HhGaxTVmqdU,imarleneking
https://youtu.be/BKgIK6_JKTQ,LaurenJauregui
https://youtu.be/BKgIK6_JKTQ,NormaniKordei
https://youtu.be/BKgIK6_JKTQ,NormaniKordei
https://youtu.be/6yYwLZUKd-0,NormaniKordei
https://youtu.be/c6Xgbh2E0NM,camilacabello97
http://youtu.be/GvGbG4RaE4I,AllGleeksBr
http://youtu.be/4ZnThciJ-_s?aArctic,GleeksBelieve
http://youtu.be/p7HYvtSwJdo?a,GleeksBelieve
http://youtu.be/NvryolGa19A?a,GleeksBelieve
http://youtu.be/1qeuKDBpyE4?aArctic,GleeksBelieve
http://youtu.be/0zx8utKVzdI?a,GleeksBelieve
http://youtu.be/Uflv2hM7R6A?aA,GleeksBelieve
http://youtu.be/lmvUFhjZdFc?a,GleeksBelieve
http://youtu.be/P5C6TyatWU8?a,GleeksBelieve
http://youtu.be/6iJHeP2PYsQ?a,GleeksBelieve
http://youtu.be/I0CTILdl45s?a,GleeksBelieve
http://youtu.be/o_ZOVmuxnsQ?a,GleeksBelieve
http://youtu.be/zIEmG-J5ssI?aArctic,GleeksBelieve
http://youtu.be/kV5XWQWFGnc?a,GleeksBelieve
http://youtu.be/evjrlyR8EQA?a,GleeksBelieve
http://youtu.be/3vYWj8806Ks?a,GleeksBelieve
http://youtu.be/tMWpm_GOLaA?a,GleeksBelieve
http://youtu.be/BxKGHnfU_aA?a,GleeksBelieve
http://youtu.be/7s5johs7WfY?a,GleeksBelieve
http://youtu.be/ID7B2v-04M4?a,GleeksBelieve
http://youtu.be/UTMxfAkxfQ0?a,GleeksBelieve
http://youtu.be/BBplYxDclkk?a,GleeksBelieve
http://youtu.be/Vft-yOOR2uc?a,GleeksBelieve
http://youtu.be/CdhDr4WzIIw?aComo,GleeksBelieve
http://youtu.be/_PGDufVdA8Y?a,GleeksBelieve
http://youtu.be/uqyVXaetTOY?aRUNESCAPE,GleeksBelieve
http://youtu.be/Orf-5oOewgs?a,GleeksBelieve
http://youtu.be/YfFKT-VtK4s?a,GleeksBelieve
http://youtu.be/vBO2WvFOIvQ?a,GleeksBelieve
http://youtu.be/LfrrmpFOB8o?a,GleeksBelieve
http://youtu.be/OzqSrpB_xCU?aErro,GleeksBelieve
http://youtu.be/idAWyb9QGDs?aAula,GleeksBelieve
http://youtu.be/j5dFe-WKuPs?aOlly,GleeksBelieve
http://youtu.be/R4rKvWA6w20?aOlly,GleeksBelieve
http://youtu.be/F3EG4olrFjY?aOlly,GleeksBelieve
http://youtu.be/lYuepseCRGY?a,GleeksBelieve
http://youtu.be/dePGBp1jSBw?a,GleeksBelieve
http://youtu.be/lxGxMaNeTvM?a,GleeksBelieve
http://youtu.be/RdI9v2Seg7M?a,GleeksBelieve
http://youtu.be/egXAchB7o2k?a,GleeksBelieve
http://youtu.be/EUpbpCehqjE?a,GleeksBelieve
http://youtu.be/tIezrEtV97Q?aCodigo,GleeksBelieve
http://youtu.be/QzzE3hmGGM4?aE,GleeksBelieve
http://youtu.be/tTnxmn2jWjo?a,GleeksBelieve
http://youtu.be/ehrHzx24W4M?a,GleeksBelieve
http://youtu.be/5Bip47TmUWU?acomo,GleeksBelieve
http://youtu.be/tYH9UbV-ZmY?a,GleeksBelieve
http://youtu.be/TlovAHf8Gsg?a,GleeksBelieve
http://youtu.be/37yICCOvnrE?a,GleeksBelieve
https://youtu.be/9pHntgqPTfY,sportrecife
https://youtu.be/otoGbuQ_Wxw,luizaclarck11
https://youtu.be/qaqVwlkTENc,GleeTheMusic
https://youtu.be/BhnHowvi904,JennaUshkowitz
https://youtu.be/Jtv4LCXEGEU,DiannaAgron
http://youtu.be/QevCQOKTi0U,CoryMonteith
http://youtu.be/w3ZoHhvQgjU,CoryMonteith
https://youtu.be/nQrcUxFK1f4,chriscolfer
